time;location;host;module_name;module_version;test_results;title;description
05.06.2017 17:55;0350_SWC-SET;TPC1;Projektor;16.3_20170519111217;OK;Validni ulazi;Testirnanje funkcije prikaz
05.06.2017 10:23;0350_SWC-SET;TPC2;AreaFinder;240.3_20170523123439;OK;Nevalidni ulazi;Verifikacija ispravne reakcije na nevalidne ulaze.
05.06.2017 10:23;0350_SWC-SET;TPC2;AreaFinder;240.3_20170523123439;OK;Granicne vrednosti;Verifiacije granicnih verdnosti ulaza u modul
05.06.2017 10:23;0350_SWC-SET;TPC2;AreaFinder;240.3_20170523123439;OK;Reakcija na greske;Injektovanje gresaka radi verifikacije reakcije
05.06.2017 10:23;0350_SWC-SET;TPC2;AreaFinder;240.3_20170523123439;OK;Obavezne provere;Funkcionalno testiranje modula
05.06.2017 10:23;0350_SWC-SET;TPC2;AreaFinder;240.3_20170523123439;OK;Ostalo;Tets stabilnosti
05.06.2017 16:48;0350_SWC-SET;TPC1;FrequencyFilter;240.1_20170523121411;OK;Prekoracenje opsega;
05.06.2017 16:48;0350_SWC-SET;TPC1;FrequencyFilter;240.1_20170523121411;OK;Validni ulazi;
05.06.2017 16:48;0350_SWC-SET;TPC1;FrequencyFilter;240.1_20170523121411;OK;Nevalidni ulazi;
05.06.2017 16:48;0350_SWC-SET;TPC1;FrequencyFilter;240.1_20170523121411;OK;Granicne vrednosti;
05.06.2017 16:48;0350_SWC-SET;TPC1;FrequencyFilter;240.1_20170523121411;OK;Reakcija na greske;
03.06.2017 11:03;0350_SWC-SET;TPC2;Presenter;11.5_20170518101634;NOK;Obavezne provere;
03.06.2017 11:03;0350_SWC-SET;TPC2;Presenter;11.5_20170518101634;NOK;Ostalo;
03.06.2017 11:03;0350_SWC-SET;TPC2;Presenter;11.5_20170518101634;NOK;Prekoracenje opsega;
03.06.2017 11:03;0350_SWC-SET;TPC2;Presenter;11.5_20170518101634;NOK;Validni ulazi;
03.06.2017 11:03;0350_SWC-SET;TPC2;Presenter;11.5_20170518101634;NOK;Nevalidni ulazi;
05.06.2017 18:17;0350_SWC-SET;TPC1;Statistics;26.0_20170522085626;NOK;Granicne vrednosti;
05.06.2017 18:17;0350_SWC-SET;TPC1;Statistics;26.0_20170522085626;NOK;Reakcija na greske;
05.06.2017 18:17;0350_SWC-SET;TPC1;Statistics;26.0_20170522085626;NOK;Obavezne provere;
05.06.2017 18:17;0350_SWC-SET;TPC1;Statistics;26.0_20170522085626;NOK;Ostalo;
05.06.2017 18:17;0350_SWC-SET;TPC1;Statistics;26.0_20170522085626;NOK;Prekoracenje opsega;
05.06.2017 10:41;0350_SWC-SET;TPC2;FqLocator;26.0_20170522091719;OK;Validni ulazi;
05.06.2017 19:20;0350_SWC-SET;TPC1;Personalization;22.2_20170524143426;OK;Nevalidni ulazi;
05.06.2017 19:20;0350_SWC-SET;TPC1;Personalization;22.2_20170524143426;OK;Granicne vrednosti;
05.06.2017 19:20;0350_SWC-SET;TPC1;Personalization;22.2_20170524143426;OK;Reakcija na greske;
05.06.2017 19:20;0350_SWC-SET;TPC1;Personalization;22.2_20170524143426;OK;Obavezne provere;
05.06.2017 19:54;0350_SWC-SET;samba;MMS_Handler;7.2_20170524071626;OK;Ostalo;
05.06.2017 19:54;0350_SWC-SET;samba;MMS_Handler;7.2_20170524071626;OK;Prekoracenje opsega;
05.06.2017 19:54;0350_SWC-SET;samba;MMS_Handler;7.2_20170524071626;OK;Validni ulazi;
05.06.2017 19:54;0350_SWC-SET;samba;MMS_Handler;7.2_20170524071626;OK;Nevalidni ulazi;
05.06.2017 11:05;0350_SWC-SET;breg;Fq_Processing;10.4_20170328092911;N/E;Granicne vrednosti;
